[{"@type":"mappingTemplate","id":"@1","name":"V3_VCS_UI_Mapping_SQL_FF_1","description":"Pod Certification Task: Mapping has a src and a target. ","bundleVersion":"0","templateId":"@3","deployTime":1713125891000,"hasParameters":false,"valid":true,"fixedConnection":true,"hasParametersDeployed":false,"fixedConnectionDeployed":true,"isSchemaValidationEnabled":false,"tasks":1,"mappingPreviewFileRecordId":"@2","references":[{"@type":"reference","refObjectId":"@309apRe8cy9kMludMmlAyO","refType":"connection"},{"@type":"reference","refObjectId":"@fZnSP5iYmQFewFsMuMKlsB","refType":"connection"}]}]