[{"@type":"mappingTemplate","id":"@1","name":"VCS_OtherLanguages_CMD_सह_ねがいします_çãâàá","description":"Pod Certification Task: Mapping has a src and a target. ","bundleVersion":"0","templateId":"@3","deployTime":1696064370000,"hasParameters":false,"valid":true,"fixedConnection":true,"hasParametersDeployed":false,"fixedConnectionDeployed":true,"isSchemaValidationEnabled":false,"tasks":0,"mappingPreviewFileRecordId":"@2","references":[{"@type":"reference","refObjectId":"@2hPzzCOLMZcgVGlQ9I9oYy","refType":"connection"},{"@type":"reference","refObjectId":"@1YVJBZa6qmtkwa7oTmYvEr","refType":"connection"}]}]