[{"@type":"mappingTemplate","id":"@1","name":"VCS_OtherLanguages_CMD_सह_ねがいします_çãâàá","description":"Pod Certification Task: Mapping has a src and a target. ","bundleVersion":"0","templateId":"@3","deployTime":1711722554000,"hasParameters":false,"valid":true,"fixedConnection":true,"hasParametersDeployed":false,"fixedConnectionDeployed":true,"isSchemaValidationEnabled":false,"tasks":0,"mappingPreviewFileRecordId":"@2","references":[{"@type":"reference","refObjectId":"@e6p7whpq021ce99lMn0C4Z","refType":"connection"},{"@type":"reference","refObjectId":"@0s0nkhQ6cb4eTQUUWsyiq9","refType":"connection"}]}]