[{"@type":"mappingTemplate","id":"@1","name":"VCS_OtherLanguages_CMD_सह_ねがいします_çãâàá","description":"Pod Certification Task: Mapping has a src and a target. ","bundleVersion":"0","templateId":"@3","deployTime":1716130924000,"hasParameters":false,"valid":true,"fixedConnection":true,"hasParametersDeployed":false,"fixedConnectionDeployed":true,"isSchemaValidationEnabled":false,"tasks":0,"mappingPreviewFileRecordId":"@2","references":[{"@type":"reference","refObjectId":"@01icIN2Yy1vbYlQO8sdbQM","refType":"connection"},{"@type":"reference","refObjectId":"@5kRwpVuInMIegeUaOW9z2I","refType":"connection"}]}]