[{"@type":"drsTask","id":"@1","name":"MultiUnlink2_DRS","maxLogs":10,"sourceConnectionId":"@3g8VyyOhO4yfEfHQSoF20z","targetConnectionId":"@8PKzjblN0xWdfEto5Jzmic","tablePrefix":"SF_out4232","verbose":false,"fullRefresh":true,"replicateAllObjects":true,"removeDeleted":true,"queryAll":false,"srcShowLabels":false,"maxRows":0,"stopOnError":true,"replicationObjects":[],"excludedReplicationObjects":[],"majorUpdateTime":1645638562000,"metadataMode":0,"bulkApi":false,"base64BodySize":0.0,"bulkApiDBTarget":false,"fieldExclusions":[],"filters":[],"advancedFilters":[],"srcRuntimeAttrs":{"@type":"taskRuntimeAttrs","attrs":{}}}]