[{"@type":"mappingTemplate","id":"@1","name":"BulkUnlink_Mapping_SQL_FF_1","description":"Pod Certification Task: Mapping has a src and a target. ","bundleVersion":"0","templateId":"@3","deployTime":1716630264000,"hasParameters":false,"valid":true,"fixedConnection":true,"hasParametersDeployed":false,"fixedConnectionDeployed":true,"isSchemaValidationEnabled":false,"tasks":1,"mappingPreviewFileRecordId":"@2","references":[{"@type":"reference","refObjectId":"@7ZJ2lRtLrwRfoCUduXuTA2","refType":"connection"},{"@type":"reference","refObjectId":"@14PoQBBUr0ReiqpIpYRISp","refType":"connection"}]}]