[{"@type":"pcsTask","id":"@1","name":"MultiUnlink_PCS","runtimeEnvironmentId":"@3A6zkFhHak6jOU9P0Gfekn","maxLogs":10,"pcXmlFile":"WF_FFSRC_FFTGT.XML","workflowName":"WF_FF","sessionName":"s_map_nielsen","mappingName":"map_nielsen","serverlessProperties":{},"parameterFileName":"","parameterFileDir":"","paramFileType":"PARAM_FILE_LOCAL","transformations":[{"@type":"pcsTransformation","name":"tar_nielsen","type":"tar_nielsen","description":""},{"@type":"pcsTransformation","name":"nielsen","type":"nielsen","description":""},{"@type":"pcsTransformation","name":"SQ_nielsen","type":"SQ_nielsen","description":""}],"connections":[],"parameters":[],"inOutParameters":[]}]