[{"@type":"drsTask","id":"@1","name":"MultiUnlink_DRS","maxLogs":10,"sourceConnectionId":"@4rewdzs4MurerG68684LeI","targetConnectionId":"@4ktwR17OhsVljPe7pZDdev","tablePrefix":"SF_out423","verbose":false,"fullRefresh":true,"replicateAllObjects":true,"removeDeleted":true,"queryAll":false,"srcShowLabels":false,"maxRows":0,"stopOnError":true,"replicationObjects":[],"excludedReplicationObjects":[],"majorUpdateTime":1656074353000,"metadataMode":0,"bulkApi":false,"base64BodySize":0.0,"bulkApiDBTarget":false,"fieldExclusions":[],"filters":[],"advancedFilters":[],"srcRuntimeAttrs":{"@type":"taskRuntimeAttrs","attrs":{}}}]