[{"@type":"drsTask","id":"@1","name":"MultiUnlink_DRS","maxLogs":10,"sourceConnectionId":"@58uTlJgrieremV15sr3xkr","targetConnectionId":"@fQDBA2a2f6qgPcaHMqIl8C","tablePrefix":"SF_out423","verbose":false,"fullRefresh":true,"replicateAllObjects":true,"removeDeleted":true,"queryAll":false,"srcShowLabels":false,"maxRows":0,"stopOnError":true,"replicationObjects":[],"excludedReplicationObjects":[],"majorUpdateTime":1635911167000,"metadataMode":0,"bulkApi":false,"base64BodySize":0.0,"bulkApiDBTarget":false,"fieldExclusions":[],"filters":[],"advancedFilters":[],"srcRuntimeAttrs":{"@type":"taskRuntimeAttrs","attrs":{}}}]