[{"@type":"drsTask","id":"@1","name":"MultiUnlink_DRS","maxLogs":10,"sourceConnectionId":"@9ENaQm94iVpjk7x7pimc4A","targetConnectionId":"@954LBbW36fXdEVvylWMU8Q","tablePrefix":"SF_out423","verbose":false,"fullRefresh":true,"replicateAllObjects":true,"removeDeleted":true,"queryAll":false,"srcShowLabels":false,"maxRows":0,"stopOnError":true,"replicationObjects":[],"excludedReplicationObjects":[],"majorUpdateTime":1643633353000,"metadataMode":0,"bulkApi":false,"base64BodySize":0.0,"bulkApiDBTarget":false,"fieldExclusions":[],"filters":[],"advancedFilters":[],"srcRuntimeAttrs":{"@type":"taskRuntimeAttrs","attrs":{}}}]